Year,Month,Day,Time,Temp,Dew Point Temp,Rel Hum,Wind Spd,Visibility,Stn Press,Work,Workout,No Headache,Has Headache
2020,9,1,00:00,12.4,7.4,71.6,8.6,20.1,101.212,0,0,0.84079602,0.15920398
2020,9,1,01:00,12.28,7.3,71.6,9.2,20.1,101.228,0,0,0.84079602,0.15920398
2020,9,1,02:00,11.7,7.48,75.2,11.2,20.1,101.264,0,0,0.84079602,0.15920398
2020,9,1,03:00,11.34,7.58,77.6,9,20.1,101.312,0,0,0.84079602,0.15920398
2020,9,1,04:00,10.88,8.1,83,5.2,20.1,101.324,0,0,0.84079602,0.15920398
2020,9,1,05:00,10.2,8.66,90.2,3.6,20.1,101.378,0,0,0.84079602,0.15920398
2020,9,1,06:00,9.78,8.4,91.4,2,20.1,101.46,0,0,0.84079602,0.15920398
2020,9,1,07:00,11.78,9.6,86.6,3.6,20.1,101.558,0,0,0.84079602,0.15920398
2020,9,1,08:00,13.68,9.86,78.2,5.4,20.1,101.592,0,0,0.84079602,0.15920398
2020,9,1,09:00,15.26,10.46,73.2,3.6,20.1,101.626,1,0,0.95951417,0.04048583
2020,9,1,10:00,16.62,10.14,65.6,3.6,20.1,101.602,1,0,0.95951417,0.04048583
2020,9,1,11:00,17.68,9.3,58.4,5.6,20.1,101.574,1,0,0.95951417,0.04048583
2020,9,1,12:00,18.58,8.96,54.6,9,20.1,101.552,1,0,0.95951417,0.04048583
2020,9,1,13:00,18.86,8.94,53.4,8.6,20.1,101.55,1,0,0.95951417,0.04048583
2020,9,1,14:00,18.54,8.28,52.8,9,20.1,101.492,1,0,0.95951417,0.04048583
2020,9,1,15:00,19.7,8.08,47.6,8,20.1,101.474,1,0,0.95951417,0.04048583
2020,9,1,16:00,20.04,7.98,46,8,20.1,101.464,1,0,0.95951417,0.04048583
2020,9,1,17:00,19.54,6.96,43.8,12.4,20.1,101.49,1,0,0.95951417,0.04048583
2020,9,1,18:00,18.38,7.88,50.4,8.4,20.1,101.51,0,0,0.84079602,0.15920398
2020,9,1,19:00,15.62,8.56,63,8.2,20.1,101.53,0,0,0.84079602,0.15920398
2020,9,1,20:00,14.54,10.02,74.4,6.4,20.1,101.574,0,0,0.84079602,0.15920398
2020,9,1,21:00,13.4,10.5,82.6,6,20.1,101.602,0,0,0.84079602,0.15920398
2020,9,1,22:00,12.92,11.2,89.4,7.2,20.1,101.606,0,0,0.84079602,0.15920398
2020,9,1,23:00,12.3,10.68,90.2,7,20.1,101.58,0,0,0.84079602,0.15920398
2020,9,2,00:00,11.94,10.68,92,7,20.1,101.572,0,0,0.84079602,0.15920398
2020,9,2,01:00,11.66,10.64,93.6,5.8,20.1,101.542,0,0,0.84079602,0.15920398
2020,9,2,02:00,11.68,10.52,92.8,6.8,20.1,101.472,0,0,0.84079602,0.15920398
2020,9,2,03:00,10.64,10.54,99.4,9.6,20.1,101.414,0,0,0.84079602,0.15920398
2020,9,2,04:00,10.4,10.32,99.4,6.4,20.1,101.44,0,0,0.84079602,0.15920398
2020,9,2,05:00,9.96,9.92,99.8,5.4,12.65,101.464,0,0,0.84079602,0.15920398
2020,9,2,06:00,10.18,10.12,99.8,7,0.6,101.424,0,0,0.84079602,0.15920398
2020,9,2,07:00,11.56,11.52,99.8,4.8,8.05,101.354,0,0,0.84079602,0.15920398
2020,9,2,08:00,13.94,13.52,97.4,5.4,20.1,101.368,0,0,0.84079602,0.15920398
2020,9,2,09:00,15.96,13.08,83.6,10.4,20.1,101.356,1,0,0.95951417,0.04048583
2020,9,2,10:00,16.7,12.18,75.6,14.4,20.1,101.31,1,0,0.95951417,0.04048583
2020,9,2,11:00,17.375,11.625,70.25,21,20.1,101.15,1,0,0.95951417,0.04048583
2020,9,2,12:00,17.9,12.1,70,20.5,20.1,101.0775,1,0,0.95951417,0.04048583
2020,9,2,13:00,17.85,12.05,70,21,20.1,101.0275,1,0,0.95951417,0.04048583
2020,9,2,14:00,17.44,12.42,73.2,17,20.1,101.008,1,0,0.95951417,0.04048583
2020,9,2,15:00,16.8,12.74,77.6,16.2,20.1,101.028,1,0,0.95951417,0.04048583
2020,9,2,16:00,16.62,12.92,79.4,16.2,20.1,100.942,1,0,0.95951417,0.04048583
2020,9,2,17:00,15.98,13.14,83.8,14,20.1,100.904,1,0,0.95951417,0.04048583
2020,9,2,18:00,15.7,13.3,85.8,11,20.1,100.848,0,0,0.84079602,0.15920398
2020,9,2,19:00,14.9,13.34,90.8,11.6,20.1,100.796,0,0,0.84079602,0.15920398
2020,9,2,20:00,14.64,14.06,96.2,9.4,20.1,100.786,0,0,0.84079602,0.15920398
2020,9,2,21:00,14.94,14.76,99,11.8,16.1,100.76,0,0,0.84079602,0.15920398
2020,9,2,22:00,15.16,15.06,99.4,14.6,16.1,100.652,0,0,0.337078652,0.662921348
2020,9,2,23:00,15.48,15.16,98,15.4,20.1,100.572,0,0,0.337078652,0.662921348
2020,9,3,00:00,15.6,15.28,98,13,20.1,100.502,0,0,0.337078652,0.662921348
2020,9,3,01:00,15.8,15.44,97.6,16.4,20.1,100.418,0,0,0.337078652,0.662921348
2020,9,3,02:00,16.48,15.7,95.2,15.2,17.7,100.382,0,0,0.337078652,0.662921348
2020,9,3,03:00,16.38,16.14,98.6,17.6,3.4,100.296,0,0,0.337078652,0.662921348
2020,9,3,04:00,16.46,16.24,98.6,17.2,16.1,100.246,0,0,0.337078652,0.662921348
2020,9,3,05:00,17.12,16.96,99,18,9.7,100.212,0,0,0.337078652,0.662921348
2020,9,3,06:00,18.14,17.8,98,17.6,11.3,100.226,0,0,0.337078652,0.662921348
2020,9,3,07:00,18.52,18.34,99,17.2,10.45,100.21,0,0,0.337078652,0.662921348
2020,9,3,08:00,18.74,18.58,99.2,16.8,13.7,100.206,0,0,0.337078652,0.662921348
2020,9,3,09:00,19.2,19.1,99.4,16.6,3,100.228,1,0,0.983870968,0.016129032
2020,9,3,10:00,19.425,19.3,99.25,18.5,3.6,100.17,1,0,0.983870968,0.016129032
2020,9,3,11:00,19.85,19.75,99.5,16,4.4,100.1375,1,0,0.983870968,0.016129032
2020,9,3,12:00,20.08,20,99.6,13.8,5.2,100.162,1,0,0.983870968,0.016129032
2020,9,3,13:00,20.46,20.36,99.6,20,11.25,100.148,1,0,0.983870968,0.016129032
2020,9,3,14:00,21.22,20.94,98.2,16.8,12.9,100.108,1,0,0.983870968,0.016129032
2020,9,3,15:00,20.9,20.54,97.8,15.8,16.1,100.108,1,0,0.983870968,0.016129032
2020,9,3,16:00,20.4,20.2,98.8,15.4,8.05,100.106,1,0,0.983870968,0.016129032
2020,9,3,17:00,20.2,20.04,99,11.8,5.6,100.102,1,0,0.983870968,0.016129032
2020,9,3,18:00,19.3,19.14,99,12.2,0.8,100.106,0,0,0.337078652,0.662921348
2020,9,3,19:00,19.04,18.98,99.6,13.4,0.8,100.09,0,0,0.337078652,0.662921348
2020,9,3,20:00,18.9,18.86,99.8,12.2,1.6,100.086,0,0,0.337078652,0.662921348
2020,9,3,21:00,18.78,18.76,99.8,13.2,0.7,100.052,0,0,0.337078652,0.662921348
2020,9,3,22:00,18.76,18.72,99.8,14,1.8,100.012,0,0,0.337078652,0.662921348
2020,9,3,23:00,18.92,18.9,99.8,17.2,3.8,99.97,0,0,0.337078652,0.662921348
2020,9,4,00:00,19.34,19.32,99.8,17.4,1.2,99.968,0,0,0.337078652,0.662921348
2020,9,4,01:00,20.3,20.26,99.8,15.6,6.45,99.892,0,0,0.337078652,0.662921348
2020,9,4,02:00,20.64,20.62,99.8,18.6,8.85,99.856,0,0,0.337078652,0.662921348
2020,9,4,03:00,19.96,19.94,99.8,21.2,3,99.774,0,0,0.337078652,0.662921348
2020,9,4,04:00,20.58,20.54,99.8,18.8,2.8,99.76,0,0,0.337078652,0.662921348
2020,9,4,05:00,20.5,20.48,99.8,23,3.6,99.768,0,0,0.337078652,0.662921348
2020,9,4,06:00,19.94,19.92,99.8,20.4,0.6,99.796,0,0,0.337078652,0.662921348
2020,9,4,07:00,19,18.98,99.8,16.4,0.5,99.826,0,0,0.337078652,0.662921348
2020,9,4,08:00,18.92,18.9,99.8,9.8,0.5,99.896,0,0,0.337078652,0.662921348
2020,9,4,09:00,19.74,19.5,98.6,12,20.1,99.968,1,0,0.983870968,0.016129032
2020,9,4,10:00,21.68,20.6,93.8,11,20.1,99.974,1,0,0.983870968,0.016129032
2020,9,4,11:00,23.04,19.62,81.8,13.2,20.1,99.976,1,0,0.983870968,0.016129032
2020,9,4,12:00,23.94,19.14,74.4,13.2,20.1,99.992,1,0,0.983870968,0.016129032
2020,9,4,13:00,23.7,18.72,73.8,11.6,20.1,100.014,1,0,0.983870968,0.016129032
2020,9,4,14:00,21.6,18.56,83,12.2,20.1,100.058,1,0,0.983870968,0.016129032
2020,9,4,15:00,21.92,18.26,79.6,10.6,20.1,100.052,1,0,0.983870968,0.016129032
2020,9,4,16:00,21.66,18.22,81.4,9.8,20.1,100.042,1,0,0.983870968,0.016129032
2020,9,4,17:00,21.36,18.78,85.6,10,20.1,100.056,1,0,0.983870968,0.016129032
2020,9,4,18:00,19.42,18.16,92.8,10.6,20.1,100.056,0,0,0.337078652,0.662921348
2020,9,4,19:00,18.12,17.8,98,10.2,20.1,100.098,0,0,0.337078652,0.662921348
2020,9,4,20:00,17.82,17.64,99,8.6,20.1,100.172,0,0,0.337078652,0.662921348
2020,9,4,21:00,18,17.82,98.8,7.2,20.1,100.162,0,0,0.337078652,0.662921348
2020,9,4,22:00,18,17.94,99.6,6.4,17.7,100.146,0,0,0.337078652,0.662921348
2020,9,4,23:00,17.7,17.66,99.8,2.6,14.5,100.124,0,0,0.337078652,0.662921348
2020,9,5,00:00,17.88,17.82,99.8,5,0.4,100.134,0,0,0.337078652,0.662921348
2020,9,5,01:00,18,17.94,99.8,8,0.9,100.166,0,0,0.337078652,0.662921348
2020,9,5,02:00,17.76,17.72,99.8,8.6,1.4,100.182,0,0,0.337078652,0.662921348
2020,9,5,03:00,17.28,17.24,99.8,11,20.1,100.218,0,0,0.337078652,0.662921348
2020,9,5,04:00,16.46,15.8,95.8,12.6,20.1,100.282,0,0,0.337078652,0.662921348
2020,9,5,05:00,15.78,14.5,92.2,12.8,20.1,100.358,0,0,0.84079602,0.15920398
2020,9,5,06:00,15.04,13.3,89.4,10,20.1,100.428,0,0,0.84079602,0.15920398
2020,9,5,07:00,15.74,12.52,81.4,10.6,20.1,100.5,0,0,0.84079602,0.15920398
2020,9,5,08:00,17.74,11.2,65.6,8.4,20.1,100.576,0,0,0.84079602,0.15920398
2020,9,5,09:00,19.52,10.16,54.6,9.4,20.1,100.628,0,0,0.84079602,0.15920398
2020,9,5,10:00,20.86,9.42,47.8,10.2,20.1,100.644,0,0,0.84079602,0.15920398
2020,9,5,11:00,21.98,9.52,45,10,20.1,100.646,0,0,0.84079602,0.15920398
2020,9,5,12:00,23.1,9.98,43.2,13.6,20.1,100.616,0,0,0.84079602,0.15920398
2020,9,5,13:00,23.78,9.82,41,14.8,20.1,100.612,0,0,0.84079602,0.15920398
2020,9,5,14:00,24.12,10.14,41.2,16.8,20.1,100.634,0,0,0.84079602,0.15920398
2020,9,5,15:00,23.54,10.04,42.4,14.2,20.1,100.652,0,0,0.84079602,0.15920398
2020,9,5,16:00,22.5,9.96,45,18.2,20.1,100.672,0,0,0.84079602,0.15920398
2020,9,5,17:00,21.38,11.7,53.8,13.6,20.1,100.694,0,0,0.84079602,0.15920398
2020,9,5,18:00,20.46,11.1,55.2,8,20.1,100.736,0,0,0.84079602,0.15920398
2020,9,5,19:00,17.84,10.84,63.6,11,20.1,100.816,0,0,0.84079602,0.15920398
2020,9,5,20:00,17.12,9.92,63.2,6.8,20.1,100.902,0,0,0.84079602,0.15920398
2020,9,5,21:00,16.12,8.8,62.6,6.6,20.1,100.938,0,0,0.84079602,0.15920398
2020,9,5,22:00,15.7,7.26,57,8.4,20.1,100.982,0,0,0.84079602,0.15920398
2020,9,5,23:00,15.06,7.62,61,9,20.1,101.016,0,0,0.84079602,0.15920398
2020,9,6,00:00,14.54,7.8,64.2,10.8,20.1,101.03,0,0,0.84079602,0.15920398
2020,9,6,01:00,13.76,8.22,69.4,6.2,20.1,101.024,0,0,0.84079602,0.15920398
2020,9,6,02:00,13.34,8.4,72,8,20.1,101.028,0,0,0.84079602,0.15920398
2020,9,6,03:00,13.22,8.14,71,5.6,20.1,101.032,0,0,0.84079602,0.15920398
2020,9,6,04:00,13.04,8.64,74.8,4.2,20.1,101.048,0,0,0.84079602,0.15920398
2020,9,6,05:00,13.375,8.95,75.25,6.75,16.1,101.2625,0,0,0.84079602,0.15920398
2020,9,6,06:00,13.12,9.22,77.2,6.6,20.1,101.122,0,0,0.84079602,0.15920398
2020,9,6,07:00,14.24,9.88,75.2,4.6,20.1,101.178,0,0,0.84079602,0.15920398
2020,9,6,08:00,16.2,10.3,68.4,5.4,20.1,101.212,0,0,0.84079602,0.15920398
2020,9,6,09:00,17.66,10.58,63.8,5.2,20.1,101.214,0,0,0.84079602,0.15920398
2020,9,6,10:00,19.54,10.14,54.6,8.8,20.1,101.198,0,0,0.84079602,0.15920398
2020,9,6,11:00,21.44,9.8,47,11,20.1,101.172,0,0,0.84079602,0.15920398
2020,9,6,12:00,21.94,8.66,42.6,16.2,20.1,101.126,0,0,0.84079602,0.15920398
2020,9,6,13:00,22.04,7.98,40.6,15.8,20.1,101.182,0,0,0.84079602,0.15920398
2020,9,6,14:00,22.06,7.88,39.8,19,20.1,101.192,0,0,0.84079602,0.15920398
2020,9,6,15:00,20.74,8.7,46.2,15.6,20.1,101.232,0,0,0.84079602,0.15920398
2020,9,6,16:00,20.94,9.22,47.2,8.2,20.1,101.246,0,0,0.84079602,0.15920398
2020,9,6,17:00,20.4,9.16,48.4,12,20.1,101.254,0,0,0.84079602,0.15920398
2020,9,6,18:00,18.7,10.42,58.8,7.6,20.1,101.276,0,0,0.84079602,0.15920398
2020,9,6,19:00,17.36,11.38,67.8,9,20.1,101.306,0,0,0.84079602,0.15920398
2020,9,6,20:00,15.8,12.48,80.8,7.6,20.1,101.358,0,0,0.84079602,0.15920398
2020,9,6,21:00,15.02,13.4,90.2,8.6,20.1,101.382,0,0,0.84079602,0.15920398
2020,9,6,22:00,14.72,14.22,96.8,6.6,20.1,101.406,0,0,0.84079602,0.15920398
2020,9,6,23:00,14.42,14.24,98.6,6.2,20.1,101.404,0,0,0.84079602,0.15920398
2020,9,7,00:00,13.98,13.68,98,4.2,20.1,101.424,0,0,0.84079602,0.15920398
2020,9,7,01:00,12.92,12.82,99.4,2.2,17.7,101.426,0,0,0.84079602,0.15920398
2020,9,7,02:00,12.36,12.32,99.8,4.2,4.4,101.42,0,0,0.84079602,0.15920398
2020,9,7,03:00,12.5,12.44,99.8,2.8,16.9,101.454,0,0,0.84079602,0.15920398
2020,9,7,04:00,12.48,12.44,99.8,5,14.45,101.528,0,0,0.84079602,0.15920398
2020,9,7,05:00,12.32,12.28,99.8,4.6,5.15,101.558,0,0,0.84079602,0.15920398
2020,9,7,06:00,11.3,11.26,99.8,8.6,0.3,101.548,0,0,0.84079602,0.15920398
2020,9,7,07:00,12.16,12.12,99.8,9.8,0.3,101.562,0,0,0.84079602,0.15920398
2020,9,7,08:00,13.84,13.82,99.8,9.6,0.1,101.53,0,0,0.84079602,0.15920398
2020,9,7,09:00,15.06,15.02,99.8,9,0.6,101.576,1,0,0.95951417,0.04048583
2020,9,7,10:00,16.26,15.76,97,10.6,20.1,101.616,1,0,0.95951417,0.04048583
2020,9,7,11:00,17.58,15.56,88.2,8.6,20.1,101.66,1,0,0.95951417,0.04048583
2020,9,7,12:00,18.78,14.74,78.2,12.2,20.1,101.628,1,0,0.95951417,0.04048583
2020,9,7,13:00,19.86,13.48,69,14.8,20.1,101.568,1,0,0.95951417,0.04048583
2020,9,7,14:00,19.9,13.54,69.4,15.6,20.1,101.48,1,0,0.95951417,0.04048583
2020,9,7,15:00,19.84,12.64,64.4,12.6,20.1,101.514,1,0,0.95951417,0.04048583
2020,9,7,16:00,19.82,12.54,64,14,20.1,101.476,1,0,0.95951417,0.04048583
2020,9,7,17:00,19.14,13.7,71.6,12.6,20.1,101.438,1,0,0.95951417,0.04048583
2020,9,7,18:00,18.12,15.04,82.4,10.2,20.1,101.426,0,0,0.337078652,0.662921348
2020,9,7,19:00,16.78,15.54,92.4,9,20.1,101.408,0,0,0.337078652,0.662921348
2020,9,7,20:00,16.32,15.88,97.2,9.4,20.1,101.476,0,0,0.337078652,0.662921348
2020,9,7,21:00,16.16,16.1,99.6,9.8,20.1,101.414,0,0,0.337078652,0.662921348
2020,9,7,22:00,16.24,16.16,99.6,9,16.1,101.382,0,0,0.337078652,0.662921348
2020,9,7,23:00,16.54,16.44,99.4,8.8,7.25,101.374,0,0,0.337078652,0.662921348
2020,9,8,00:00,16.7,16.6,99.4,9.4,1.1,101.352,0,0,0.337078652,0.662921348
2020,9,8,01:00,16.74,16.64,99.4,8.2,5.6,101.312,0,0,0.337078652,0.662921348
2020,9,8,02:00,16.82,16.72,99.4,8.4,5.6,101.272,0,0,0.337078652,0.662921348
2020,9,8,03:00,16.7,16.62,99.6,7.4,4.6,101.242,0,0,0.337078652,0.662921348
2020,9,8,04:00,16.82,16.74,99.6,6,0.9,101.238,0,0,0.337078652,0.662921348
2020,9,8,05:00,17.1,17,99.4,3.6,2,101.244,0,0,0.337078652,0.662921348
2020,9,8,06:00,17.36,17.28,99.4,5,0.6,101.25,0,0,0.337078652,0.662921348
2020,9,8,07:00,17.8,17.72,99.6,6.2,0.5,101.26,0,0,0.337078652,0.662921348
2020,9,8,08:00,18.24,18.18,99.6,8.4,0.4,101.252,0,0,0.337078652,0.662921348
2020,9,8,09:00,18.56,18.5,99.8,9,0.4,101.272,1,0,0.95951417,0.04048583
2020,9,8,10:00,19.14,19.06,99.8,7.8,3.8,101.292,1,0,0.95951417,0.04048583
2020,9,8,11:00,20.76,19.78,94.2,7,20.1,101.284,1,0,0.95951417,0.04048583
2020,9,8,12:00,22.28,18.62,80.6,8.6,20.1,101.284,1,0,0.95951417,0.04048583
2020,9,8,13:00,23.82,17.14,68.6,13.8,20.1,101.266,1,0,0.95951417,0.04048583
2020,9,8,14:00,25.42,15.16,53.4,9.6,20.1,101.244,1,0,0.95951417,0.04048583
2020,9,8,15:00,25.56,14.76,51.8,10.4,20.1,101.2,1,0,0.95951417,0.04048583
2020,9,8,16:00,25.08,16.24,58.4,10.2,20.1,101.206,1,0,0.95951417,0.04048583
2020,9,8,17:00,23.94,17.68,67.8,10.6,20.1,101.246,1,0,0.95951417,0.04048583
2020,9,8,18:00,22.2,17.5,74.6,8.2,20.1,101.308,0,0,0.337078652,0.662921348
2020,9,8,19:00,19.82,17.9,88.8,6.2,20.1,101.37,0,0,0.337078652,0.662921348
2020,9,8,20:00,19.32,17.74,90.6,4.6,20.1,101.406,0,0,0.337078652,0.662921348
2020,9,8,21:00,17.68,17.2,97,6.4,20.1,101.426,0,0,0.337078652,0.662921348
2020,9,8,22:00,16.98,16.84,99,4.6,20.1,101.454,0,0,0.337078652,0.662921348
2020,9,8,23:00,16.58,16.54,99.8,3,20.1,101.46,0,0,0.337078652,0.662921348
2020,9,9,00:00,16.36,16.26,99.4,2.4,20.1,101.518,0,0,0.337078652,0.662921348
2020,9,9,01:00,16.04,15.98,99.8,2.8,19.3,101.534,0,0,0.337078652,0.662921348
2020,9,9,02:00,15.44,15.42,99.8,2,17.7,101.568,0,0,0.337078652,0.662921348
2020,9,9,03:00,15.34,15.3,99.8,0.8,20.1,101.588,0,0,0.337078652,0.662921348
2020,9,9,04:00,15.06,15.04,99.8,4,5.6,101.62,0,0,0.337078652,0.662921348
2020,9,9,05:00,14.34,14.28,99.8,3,10.25,101.664,0,0,0.84079602,0.15920398
2020,9,9,06:00,14.24,14.22,99.8,2.2,0.8,101.688,0,0,0.84079602,0.15920398
2020,9,9,07:00,14.48,14.44,99.8,3.4,0.5,101.72,0,0,0.84079602,0.15920398
2020,9,9,08:00,16.14,16.1,99.8,4.2,20.1,101.714,0,0,0.337078652,0.662921348
2020,9,9,09:00,15.42,15.36,99.8,3.6,0.3,101.798,1,0,0.95951417,0.04048583
2020,9,9,10:00,16.98,16.58,97.6,3.4,1,101.846,1,0,0.95951417,0.04048583
2020,9,9,11:00,19.92,18,89,4.4,20.1,101.812,1,0,0.95951417,0.04048583
2020,9,9,12:00,22.14,17.56,76.2,7.2,20.1,101.78,1,0,0.95951417,0.04048583
2020,9,9,13:00,23.14,17.38,72.2,9.8,20.1,101.766,1,0,0.95951417,0.04048583
2020,9,9,14:00,24.06,16.78,66.6,12.8,20.1,101.738,1,0,0.95951417,0.04048583
2020,9,9,15:00,24.46,16.88,65,11.4,20.1,101.73,1,0,0.95951417,0.04048583
2020,9,9,16:00,24.54,18.4,69.4,8.6,20.1,101.76,1,0,0.95951417,0.04048583
2020,9,9,17:00,23.42,18.22,72.4,10.4,20.1,101.758,1,0,0.95951417,0.04048583
2020,9,9,18:00,21.5,18.98,85.8,5.4,20.1,101.802,0,0,0.337078652,0.662921348
2020,9,9,19:00,20.3,19.2,93.4,5.6,20.1,101.818,0,0,0.337078652,0.662921348
2020,9,9,20:00,19.64,19.16,97,5,20.1,101.864,0,0,0.337078652,0.662921348
2020,9,9,21:00,19.52,19.46,99.6,5.2,2.4,101.862,0,0,0.337078652,0.662921348
2020,9,9,22:00,19.8,19.74,99.8,5.4,0.6,101.856,0,0,0.337078652,0.662921348
2020,9,9,23:00,19.56,19.52,99.8,4.6,0.4,101.842,0,0,0.337078652,0.662921348
2020,9,10,00:00,19.46,19.42,99.8,4.8,0.4,101.83,0,0,0.337078652,0.662921348
2020,9,10,01:00,19.38,19.34,99.8,3.4,0.4,101.828,0,0,0.337078652,0.662921348
2020,9,10,02:00,19.08,19.04,99.8,4.6,0.4,101.82,0,0,0.337078652,0.662921348
2020,9,10,03:00,18.84,18.82,99.8,4,0.2,101.792,0,0,0.337078652,0.662921348
2020,9,10,04:00,18.6,18.56,99.8,2,0.2,101.752,0,0,0.337078652,0.662921348
2020,9,10,05:00,18.5,18.48,99.8,3.2,0.2,101.734,0,0,0.337078652,0.662921348
2020,9,10,06:00,18.64,18.62,99.8,3.2,0.3,101.724,0,0,0.337078652,0.662921348
2020,9,10,07:00,18.84,18.82,99.8,8.2,0.4,101.734,0,0,0.337078652,0.662921348
2020,9,10,08:00,18.96,18.94,99.8,9.6,0.3,101.686,0,0,0.337078652,0.662921348
2020,9,10,09:00,19.42,19.38,99.8,8,0.3,101.662,1,0,0.95951417,0.04048583
2020,9,10,10:00,19.94,19.92,99.8,7.2,0.9,101.656,1,0,0.95951417,0.04048583
2020,9,10,11:00,20.58,20.54,99.8,7.4,1.4,101.59,1,0,0.95951417,0.04048583
2020,9,10,12:00,21.5,21.32,98.8,8.4,20.1,101.496,1,0,0.95951417,0.04048583
2020,9,10,13:00,22.74,21.86,94.6,11.8,20.1,101.442,1,0,0.95951417,0.04048583
2020,9,10,14:00,24.02,22.58,91.6,11.6,20.1,101.356,1,0,0.95951417,0.04048583
2020,9,10,15:00,23.7,22.64,94,11.2,20.1,101.288,1,0,0.95951417,0.04048583
2020,9,10,16:00,22.54,22.24,98.2,14,14.5,101.226,1,0,0.95951417,0.04048583
2020,9,10,17:00,21.84,21.76,99.6,12.2,17.7,101.194,1,0,0.95951417,0.04048583
2020,9,10,18:00,21.1,21.04,99.6,6.2,20.1,101.13,0,0,0.337078652,0.662921348
2020,9,10,19:00,20.74,20.7,99.8,6.8,20.1,101.09,0,0,0.337078652,0.662921348
2020,9,10,20:00,20.64,20.6,99.8,9.4,20.1,101.074,0,0,0.337078652,0.662921348
2020,9,10,21:00,20.88,20.84,99.8,10.6,7.25,100.966,0,0,0.337078652,0.662921348
2020,9,10,22:00,20.72,20.68,99.8,13,1,100.908,0,0,0.337078652,0.662921348
2020,9,10,23:00,20.92,20.9,99.8,13.8,1.8,100.83,0,0,0.337078652,0.662921348
2020,9,11,00:00,20.46,20.44,99.8,12.4,12.85,100.714,0,0,0.337078652,0.662921348
2020,9,11,01:00,19.8,19.7,99.4,13.6,15.3,100.622,0,0,0.337078652,0.662921348
2020,9,11,02:00,19.8,19.78,99.8,11,10.5,100.51,0,0,0.337078652,0.662921348
2020,9,11,03:00,19.46,19.42,99.8,19.2,6.4,100.528,0,0,0.337078652,0.662921348
2020,9,11,04:00,17.26,17.24,99.8,19,20.1,100.584,0,0,0.337078652,0.662921348
2020,9,11,05:00,15.82,15.76,99.8,16.4,16.1,100.578,0,0,0.337078652,0.662921348
2020,9,11,06:00,15.28,15.22,99.6,13.8,20.1,100.646,0,0,0.337078652,0.662921348
2020,9,11,07:00,14.58,14.4,99,15.2,17.7,100.652,0,0,0.84079602,0.15920398
2020,9,11,08:00,14.34,13.96,97.6,16.8,16.1,100.67,0,0,0.84079602,0.15920398
2020,9,11,09:00,14.42,13.44,94,15.8,20.1,100.736,1,0,0.95951417,0.04048583
2020,9,11,10:00,14.36,12.92,91.4,19.2,20.1,100.794,1,0,0.95951417,0.04048583
2020,9,11,11:00,14.36,12.04,86.2,17.4,20.1,100.814,1,0,0.95951417,0.04048583
2020,9,11,12:00,14.92,11.48,80.2,16.6,20.1,100.862,1,0,0.95951417,0.04048583
2020,9,11,13:00,15.6,10.34,71.4,19,20.1,100.872,1,0,0.95951417,0.04048583
2020,9,11,14:00,15.12,9.86,70.8,18.8,20.1,100.916,1,0,0.95951417,0.04048583
2020,9,11,15:00,15.12,9.44,69,21,20.1,100.946,1,0,0.95951417,0.04048583
2020,9,11,16:00,14.88,9.22,69,19.4,20.1,101.002,1,0,0.95951417,0.04048583
2020,9,11,17:00,14.42,8.18,66.4,19.2,20.1,101.06,1,0,0.95951417,0.04048583
2020,9,11,18:00,13.36,8.2,71,13.2,20.1,101.144,0,0,0.84079602,0.15920398
2020,9,11,19:00,12.16,8.5,78.6,8.2,20.1,101.234,0,0,0.84079602,0.15920398
2020,9,11,20:00,11.5,8.52,82.2,10.4,20.1,101.312,0,0,0.84079602,0.15920398
2020,9,11,21:00,10.78,8.22,84.6,9.6,20.1,101.374,0,0,0.84079602,0.15920398
2020,9,11,22:00,10.28,7.72,84.6,11.6,20.1,101.4,0,0,0.84079602,0.15920398
2020,9,11,23:00,9.8,8.02,89,10.2,20.1,101.424,0,0,0.84079602,0.15920398
2020,9,12,00:00,9.44,7.64,88.6,8.4,20.1,101.448,0,0,0.84079602,0.15920398
2020,9,12,01:00,9.08,7.62,90.8,6.2,20.1,101.474,0,0,0.84079602,0.15920398
2020,9,12,02:00,9.04,8.04,93.4,5.6,20.1,101.5,0,0,0.84079602,0.15920398
2020,9,12,03:00,8.6,8.04,96.4,6.2,20.1,101.522,0,0,0.84079602,0.15920398
2020,9,12,04:00,8.6,7.72,94.2,5.8,20.1,101.552,0,0,0.84079602,0.15920398
2020,9,12,05:00,8.6,7.6,93.8,4.6,20.1,101.594,0,0,0.84079602,0.15920398
2020,9,12,06:00,8.26,7.44,95.2,6,20.1,101.622,0,0,0.84079602,0.15920398
2020,9,12,07:00,10.4,8.82,90.2,8.2,20.1,101.674,0,0,0.84079602,0.15920398
2020,9,12,08:00,12.08,8.1,76.6,8.6,20.1,101.72,0,0,0.84079602,0.15920398
2020,9,12,09:00,13.76,8.88,72.6,8,20.1,101.738,0,0,0.84079602,0.15920398
2020,9,12,10:00,15.56,8.62,63.4,6.2,20.1,101.748,0,0,0.84079602,0.15920398
2020,9,12,11:00,17.08,6.86,51,5.4,20.1,101.73,0,0,0.84079602,0.15920398
2020,9,12,12:00,17.42,6.58,48.8,8,20.1,101.704,0,0,0.84079602,0.15920398
2020,9,12,13:00,18.14,6.58,46.8,7,20.1,101.686,0,0,0.84079602,0.15920398
2020,9,12,14:00,18.42,7.92,50.4,11.8,20.1,101.644,0,0,0.84079602,0.15920398
2020,9,12,15:00,18.5,8,50.8,7.6,20.1,101.614,0,0,0.84079602,0.15920398
2020,9,12,16:00,18.86,7.82,49,5.8,20.1,101.61,0,0,0.84079602,0.15920398
2020,9,12,17:00,18.38,7.72,49.8,8.8,20.1,101.632,0,0,0.84079602,0.15920398
2020,9,12,18:00,17.12,8.18,55.6,6.4,20.1,101.646,0,0,0.84079602,0.15920398
2020,9,12,19:00,15.04,9.48,69.4,8.2,20.1,101.692,0,0,0.84079602,0.15920398
2020,9,12,20:00,13.84,9.3,74.2,6,20.1,101.742,0,0,0.84079602,0.15920398
2020,9,12,21:00,13.52,9.78,78.4,6.8,20.1,101.758,0,0,0.84079602,0.15920398
2020,9,12,22:00,13.1,10.16,82.4,7.8,20.1,101.774,0,0,0.84079602,0.15920398
2020,9,12,23:00,12.32,10.34,87.8,2.6,20.1,101.748,0,0,0.84079602,0.15920398
2020,9,13,00:00,12.06,9.82,86.2,2.4,20.1,101.71,0,0,0.84079602,0.15920398
2020,9,13,01:00,11.68,9.62,87.2,5.8,20.1,101.712,0,0,0.84079602,0.15920398
2020,9,13,02:00,11.36,9.14,86.2,5.6,20.1,101.7,0,0,0.84079602,0.15920398
2020,9,13,03:00,10.86,9.42,90.8,6,20.1,101.682,0,0,0.84079602,0.15920398
2020,9,13,04:00,11.08,9.48,90.2,5.4,20.1,101.678,0,0,0.84079602,0.15920398
2020,9,13,05:00,11.08,9.66,91,4.2,20.1,101.684,0,0,0.84079602,0.15920398
2020,9,13,06:00,10.94,9.8,92.6,4.8,20.1,101.716,0,0,0.84079602,0.15920398
2020,9,13,07:00,12.1,10.02,87,2.4,20.1,101.722,0,0,0.84079602,0.15920398
2020,9,13,08:00,14.42,9.96,74.8,4.4,20.1,101.694,0,0,0.84079602,0.15920398
2020,9,13,09:00,15.86,10.68,71.2,5,20.1,101.704,0,0,0.84079602,0.15920398
2020,9,13,10:00,16.9,10.68,66.6,14.8,20.1,101.668,0,0,0.84079602,0.15920398
2020,9,13,11:00,17.56,10.56,63.4,15.8,20.1,101.604,0,0,0.84079602,0.15920398
2020,9,13,12:00,17.7,9.86,60,19.8,20.1,101.54,0,0,0.84079602,0.15920398
2020,9,13,13:00,18.14,11.04,63.2,20.8,20.1,101.438,0,0,0.84079602,0.15920398
2020,9,13,14:00,18.1,12.14,68.2,18,20.1,101.312,0,0,0.84079602,0.15920398
2020,9,13,15:00,18.56,13.12,71,18.4,20.1,101.252,0,0,0.84079602,0.15920398
2020,9,13,16:00,18.36,13.8,74.8,20,20.1,101.166,0,0,0.84079602,0.15920398
2020,9,13,17:00,18,14.96,82.8,17.2,20.1,101.076,0,0,0.84079602,0.15920398
2020,9,13,18:00,17.2,15.62,90.6,12.6,20.1,101.014,0,0,0.337078652,0.662921348
2020,9,13,19:00,17,16.24,95.4,13.6,20.1,100.948,0,0,0.337078652,0.662921348
2020,9,13,20:00,17.7,16.82,94.8,14.4,20.1,100.91,0,0,0.337078652,0.662921348
2020,9,13,21:00,17.84,17.12,95.6,15.4,17.7,100.828,0,0,0.337078652,0.662921348
2020,9,13,22:00,18.14,17.24,94.6,14.8,20.1,100.748,0,0,0.337078652,0.662921348
2020,9,13,23:00,17.94,17.76,99,14.2,16.1,100.646,0,0,0.337078652,0.662921348
2020,9,14,00:00,18.26,18.2,99.6,13.6,13.7,100.566,0,0,0.337078652,0.662921348
2020,9,14,01:00,18.6,18.56,99.8,14.6,4.8,100.47,0,0,0.337078652,0.662921348
2020,9,14,02:00,18.72,18.68,99.8,14.4,3.6,100.41,0,0,0.337078652,0.662921348
2020,9,14,03:00,18.52,18.5,99.8,11,16.1,100.356,0,0,0.337078652,0.662921348
2020,9,14,04:00,18.4,18.36,99.8,10,17.7,100.308,0,0,0.337078652,0.662921348
2020,9,14,05:00,17.96,17.92,99.8,10.6,20.1,100.264,0,0,0.337078652,0.662921348
2020,9,14,06:00,17.8,17.74,99.6,10.4,17.7,100.218,0,0,0.337078652,0.662921348
2020,9,14,07:00,17.92,17.8,99.4,12.2,17.7,100.222,0,0,0.337078652,0.662921348
2020,9,14,08:00,17.88,17.72,99,12.4,5.25,100.242,0,0,0.337078652,0.662921348
2020,9,14,09:00,17.78,17.62,99.2,12,20.1,100.234,1,0,0.983870968,0.016129032
2020,9,14,10:00,18.54,18.22,98.2,16.4,20.1,100.222,1,0,0.983870968,0.016129032
2020,9,14,11:00,19.06,18.08,94.2,16.8,20.1,100.208,1,0,0.983870968,0.016129032
2020,9,14,12:00,20.24,17.86,85.8,13.2,20.1,100.184,1,0,0.983870968,0.016129032
2020,9,14,13:00,21.2,17.34,78.4,12.2,20.1,100.162,1,0,0.983870968,0.016129032
2020,9,14,14:00,21.34,16.1,71.6,11.8,20.1,100.146,1,0,0.983870968,0.016129032
2020,9,14,15:00,21.34,13.74,62.2,13.6,20.1,100.132,1,0,0.983870968,0.016129032
2020,9,14,16:00,21.1,13.06,60.4,13.4,20.1,100.186,1,0,0.983870968,0.016129032
2020,9,14,17:00,20.32,13.82,66.4,12,20.1,100.18,1,0,0.983870968,0.016129032
2020,9,14,18:00,19.26,12.3,64.4,11,20.1,100.256,0,0,0.84079602,0.15920398
2020,9,14,19:00,17.8,11.06,65.2,12,20.1,100.324,0,0,0.84079602,0.15920398
2020,9,14,20:00,16.46,10.74,69,11.4,20.1,100.446,0,0,0.84079602,0.15920398
2020,9,14,21:00,15.3,9.44,68,9.2,20.1,100.548,0,0,0.84079602,0.15920398
2020,9,14,22:00,14.6,7.525,62.5,9.5,16.1,100.835,0,0,0.84079602,0.15920398
2020,9,14,23:00,12.86,5.76,62.2,14.6,20.1,100.712,0,0,0.84079602,0.15920398
2020,9,15,00:00,12.02,5.28,63.6,15,20.1,100.768,0,0,0.84079602,0.15920398
2020,9,15,01:00,11.24,4.98,65.8,14,20.1,100.806,0,0,0.84079602,0.15920398
2020,9,15,02:00,10.62,4.84,67.4,11.6,20.1,100.858,0,0,0.84079602,0.15920398
2020,9,15,03:00,9.76,4.72,71,12,20.1,100.898,0,0,0.84079602,0.15920398
2020,9,15,04:00,9.64,4.6,71.2,12.6,20.1,100.944,0,0,0.84079602,0.15920398
2020,9,15,05:00,8.98,4.2,72.2,9.4,20.1,100.972,0,0,0.84079602,0.15920398
2020,9,15,06:00,8.76,4.52,74.8,12.6,20.1,101.036,0,0,0.84079602,0.15920398
2020,9,15,07:00,8.98,4.62,74.4,11.2,20.1,101.104,0,0,0.84079602,0.15920398
2020,9,15,08:00,10.08,5.28,72.4,15,20.1,101.146,0,0,0.84079602,0.15920398
2020,9,15,09:00,11.48,6.02,69.2,16.4,20.1,101.202,1,0,0.95951417,0.04048583
2020,9,15,10:00,12.8,6.64,66.2,15.4,20.1,101.224,1,0,0.95951417,0.04048583
2020,9,15,11:00,13.76,6.9,63.4,9,20.1,101.206,1,0,0.95951417,0.04048583
2020,9,15,12:00,14.74,6.18,56.2,12.2,20.1,101.126,1,0,0.95951417,0.04048583
2020,9,15,13:00,15.66,6.28,53.4,17,20.1,101.088,1,0,0.95951417,0.04048583
2020,9,15,14:00,15.76,5.5,50.8,19,20.1,101.084,1,0,0.95951417,0.04048583
2020,9,15,15:00,15.52,5.02,49.4,17.4,20.1,101.088,1,0,0.95951417,0.04048583
2020,9,15,16:00,15.14,4.66,49.6,18.8,20.1,101.084,1,0,0.95951417,0.04048583
2020,9,15,17:00,14.5,4.92,52.4,14,20.1,101.114,1,0,0.95951417,0.04048583
2020,9,15,18:00,13.34,5.5,59.4,12.4,20.1,101.188,0,0,0.84079602,0.15920398
2020,9,15,19:00,12.18,5.78,65.2,10.4,20.1,101.246,0,0,0.84079602,0.15920398
2020,9,15,20:00,11.28,6.06,70.4,8.6,20.1,101.316,0,0,0.84079602,0.15920398
2020,9,15,21:00,10.24,6.34,77.2,6.4,20.1,101.39,0,0,0.84079602,0.15920398
2020,9,15,22:00,10.04,6.24,77.6,7.6,20.1,101.362,0,0,0.84079602,0.15920398
2020,9,15,23:00,9.5,5.94,78.6,7.6,20.1,101.4,0,0,0.84079602,0.15920398
2020,9,16,00:00,9.3,6.06,80.4,5,20.1,101.424,0,0,0.84079602,0.15920398
2020,9,16,01:00,8.68,5.94,82.8,4.8,20.1,101.426,0,0,0.84079602,0.15920398
2020,9,16,02:00,8.12,5.78,85,5.8,20.1,101.416,0,0,0.84079602,0.15920398
2020,9,16,03:00,8.86,6.72,87,4.2,20.1,101.384,0,0,0.84079602,0.15920398
2020,9,16,04:00,8.28,6.9,91.2,4.8,20.1,101.388,0,0,0.84079602,0.15920398
2020,9,16,05:00,8.74,7.22,90.8,4.8,20.1,101.396,0,0,0.84079602,0.15920398
2020,9,16,06:00,7.9,6.86,93.4,7.4,20.1,101.44,0,0,0.84079602,0.15920398
2020,9,16,07:00,9.66,7.98,89.6,6.2,20.1,101.468,0,0,0.84079602,0.15920398
2020,9,16,08:00,11.68,8.34,80.4,6.6,20.1,101.49,0,0,0.84079602,0.15920398
2020,9,16,09:00,13.88,8.6,71,9.6,20.1,101.506,1,0,0.95951417,0.04048583
2020,9,16,10:00,15.02,7.54,61.4,16.4,20.1,101.484,1,0,0.95951417,0.04048583
2020,9,16,11:00,15.82,8.06,60,20,20.1,101.444,1,0,0.95951417,0.04048583
2020,9,16,12:00,16.74,7.3,53.8,22.2,20.1,101.384,1,0,0.95951417,0.04048583
2020,9,16,13:00,17.16,7.24,52,21,20.1,101.312,1,0,0.95951417,0.04048583
2020,9,16,14:00,17.26,6.06,48,24.2,20.1,101.264,1,0,0.95951417,0.04048583
2020,9,16,15:00,17.08,4.96,44.6,25.2,20.1,101.2,1,0,0.95951417,0.04048583
2020,9,16,16:00,16.68,4.7,45,23.2,20.1,101.18,1,0,0.95951417,0.04048583
2020,9,16,17:00,15.74,5.92,52,20,20.1,101.142,1,0,0.95951417,0.04048583
2020,9,16,18:00,14.76,7.44,61.4,19,20.1,101.098,0,0,0.84079602,0.15920398
2020,9,16,19:00,14.2,8.8,70,18.2,20.1,101.082,0,0,0.84079602,0.15920398
2020,9,16,20:00,14.08,8.84,70.8,18,20.1,101.082,0,0,0.84079602,0.15920398
2020,9,16,21:00,14.22,8.5,68.4,18.8,20.1,101.042,0,0,0.84079602,0.15920398
2020,9,16,22:00,14.42,7.78,65,18.2,20.1,101.036,0,0,0.84079602,0.15920398
2020,9,16,23:00,14.82,8.46,65.8,19.2,20.1,101.022,0,0,0.84079602,0.15920398
2020,9,17,00:00,15.2,10.66,74.4,22.4,20.1,100.95,0,0,0.84079602,0.15920398
2020,9,17,01:00,15.52,12.3,81,24,20.1,100.922,0,0,0.84079602,0.15920398
2020,9,17,02:00,15.72,12.96,83.6,26.4,20.1,100.906,0,0,0.84079602,0.15920398
2020,9,17,03:00,15.5,12.76,83.4,24,20.1,100.842,0,0,0.84079602,0.15920398
2020,9,17,04:00,15.62,12.84,83.6,25.4,20.1,100.794,0,0,0.84079602,0.15920398
2020,9,17,05:00,15.6,12.94,84.2,23.6,20.1,100.832,0,0,0.84079602,0.15920398
2020,9,17,06:00,15.54,13.26,86.2,18.8,20.1,100.852,0,0,0.84079602,0.15920398
2020,9,17,07:00,15.98,13.7,86.4,19.6,20.1,100.828,0,0,0.84079602,0.15920398
2020,9,17,08:00,17,14.14,83.2,20.2,20.1,100.84,0,0,0.84079602,0.15920398
2020,9,17,09:00,18.32,14.48,78.2,23.4,20.1,100.854,1,0,0.95951417,0.04048583
2020,9,17,10:00,19.46,14.74,74.2,24.8,20.1,100.844,1,0,0.95951417,0.04048583
2020,9,17,11:00,20.32,15.1,71.8,23.4,20.1,100.808,1,0,0.95951417,0.04048583
2020,9,17,12:00,21.18,15.36,69.4,21.8,20.1,100.76,1,0,0.95951417,0.04048583
2020,9,17,13:00,21.74,15.4,67.2,19,20.1,100.7,1,0,0.144615385,0.855384615
2020,9,17,14:00,22.06,15.18,64.8,24.2,20.1,100.668,1,0,0.144615385,0.855384615
2020,9,17,15:00,21.88,14.88,64.4,24.2,20.1,100.622,1,0,0.144615385,0.855384615
2020,9,17,16:00,21.04,15.18,69,16.2,20.1,100.602,1,0,0.144615385,0.855384615
2020,9,17,17:00,19.98,15.88,77.2,13,20.1,100.62,1,0,0.144615385,0.855384615
2020,9,17,18:00,18.88,16.26,84.8,9.4,20.1,100.634,0,0,0.337078652,0.662921348
2020,9,17,19:00,17.72,16.36,92,8.8,20.1,100.662,0,0,0.337078652,0.662921348
2020,9,17,20:00,16.72,16.32,97.6,7.6,20.1,100.714,0,0,0.337078652,0.662921348
2020,9,17,21:00,16.58,16.4,98.8,6.4,20.1,100.738,0,0,0.337078652,0.662921348
2020,9,17,22:00,15.76,15.58,98.8,6.2,20.1,100.726,0,0,0.337078652,0.662921348
2020,9,17,23:00,15.52,15.28,98.4,5.6,17.7,100.698,0,0,0.337078652,0.662921348
2020,9,18,00:00,15.38,15.22,99.2,5,16.1,100.692,0,0,0.337078652,0.662921348
2020,9,18,01:00,14.82,14.7,99.2,5.4,17.7,100.692,0,0,0.84079602,0.15920398
2020,9,18,02:00,14.4,14.24,99,6,15.3,100.694,0,0,0.84079602,0.15920398
2020,9,18,03:00,13.76,13.64,99.4,7.8,5.6,100.654,0,0,0.84079602,0.15920398
2020,9,18,04:00,13.42,13.34,99.4,7,4.8,100.656,0,0,0.84079602,0.15920398
2020,9,18,05:00,13.34,13.24,99.4,7.4,13.7,100.656,0,0,0.84079602,0.15920398
2020,9,18,06:00,13.26,13.04,98.6,6.6,20.1,100.624,0,0,0.84079602,0.15920398
2020,9,18,07:00,13.4,13.04,98,5.4,20.1,100.636,0,0,0.84079602,0.15920398
2020,9,18,08:00,13.44,12.9,96.6,7,14.5,100.68,0,0,0.84079602,0.15920398
2020,9,18,09:00,13.9,12.84,93.4,5.8,20.1,100.674,1,0,0.144615385,0.855384615
2020,9,18,10:00,15.18,13.48,89.6,10.6,20.1,100.638,1,0,0.144615385,0.855384615
2020,9,18,11:00,15.96,13.9,87.8,8,20.1,100.532,1,0,0.144615385,0.855384615
2020,9,18,12:00,16.08,14.3,89.2,10.8,20.1,100.474,1,0,0.144615385,0.855384615
2020,9,18,13:00,15.8,14.64,92.8,11.6,20.1,100.44,1,0,0.144615385,0.855384615
2020,9,18,14:00,15.58,14.64,94.2,13.4,20.1,100.36,1,0,0.144615385,0.855384615
2020,9,18,15:00,15.3,14.7,96.2,10.2,20.1,100.326,1,0,0.144615385,0.855384615
2020,9,18,16:00,14.38,14.28,99.4,12.6,3.2,100.292,1,0,0.144615385,0.855384615
2020,9,18,17:00,13.28,13.06,98.6,15,16.9,100.284,1,0,0.144615385,0.855384615
2020,9,18,18:00,12.02,11.6,97.4,15,17.7,100.288,0,0,0.84079602,0.15920398
2020,9,18,19:00,11.6,11.04,96.2,15.2,20.1,100.304,0,0,0.84079602,0.15920398
2020,9,18,20:00,11.04,10.04,93.6,15.4,20.1,100.342,0,0,0.84079602,0.15920398
2020,9,18,21:00,10.62,8.5,86.8,15.2,20.1,100.36,0,0,0.84079602,0.15920398
2020,9,18,22:00,10.34,7.48,82.4,15.6,20.1,100.348,0,0,0.84079602,0.15920398
2020,9,18,23:00,10.16,6.8,79.6,17.4,20.1,100.37,0,0,0.84079602,0.15920398
2020,9,19,00:00,10.14,5.98,75.4,18,20.1,100.366,0,0,0.84079602,0.15920398
2020,9,19,01:00,10.08,5.76,74.6,17,20.1,100.394,0,0,0.84079602,0.15920398
2020,9,19,02:00,10,5.92,76,15,20.1,100.434,0,0,0.84079602,0.15920398
2020,9,19,03:00,9.82,5.66,75.4,16,20.1,100.434,0,0,0.84079602,0.15920398
2020,9,19,04:00,9.68,4.94,72.2,18,20.1,100.526,0,0,0.84079602,0.15920398
2020,9,19,05:00,9.62,5.04,73.2,16.2,20.1,100.584,0,0,0.84079602,0.15920398
2020,9,19,06:00,9.54,4.7,71.8,16.4,20.1,100.656,0,0,0.84079602,0.15920398
2020,9,19,07:00,9.4,4.46,71.6,13,20.1,100.756,0,0,0.84079602,0.15920398
2020,9,19,08:00,10.68,4.62,66,16,20.1,100.838,0,0,0.84079602,0.15920398
2020,9,19,09:00,11.56,3.96,59.6,21,20.1,100.884,0,0,0.84079602,0.15920398
2020,9,19,10:00,12.48,2.9,52.2,20.2,20.1,100.912,0,0,0.84079602,0.15920398
2020,9,19,11:00,13.14,2.26,47.6,20.8,20.1,100.93,0,0,0.84079602,0.15920398
2020,9,19,12:00,14.14,2.9,46.8,22,20.1,100.926,0,0,0.84079602,0.15920398
2020,9,19,13:00,14.64,1.82,41.8,23,20.1,100.962,0,0,0.84079602,0.15920398
2020,9,19,14:00,14.88,0.94,38.6,23.8,20.1,100.992,0,0,0.84079602,0.15920398
2020,9,19,15:00,14.56,1.5,41.2,17.4,20.1,101.058,0,0,0.84079602,0.15920398
2020,9,19,16:00,14.54,1.16,40.2,18,20.1,101.096,0,0,0.84079602,0.15920398
2020,9,19,17:00,13.34,1.88,46.2,14,20.1,101.174,0,0,0.84079602,0.15920398
2020,9,19,18:00,12.02,2.06,51.2,11.8,20.1,101.254,0,0,0.84079602,0.15920398
2020,9,19,19:00,10.48,2.72,59.4,8.6,20.1,101.338,0,0,0.84079602,0.15920398
2020,9,19,20:00,9.78,2.84,62.4,8.8,20.1,101.452,0,0,0.84079602,0.15920398
2020,9,19,21:00,8.92,3.12,67.4,8.6,20.1,101.516,0,0,0.84079602,0.15920398
2020,9,19,22:00,8.44,3.18,69.8,6.8,20.1,101.538,0,0,0.84079602,0.15920398
2020,9,19,23:00,7.76,3.02,72.2,6.2,20.1,101.578,0,0,0.84079602,0.15920398
2020,9,20,00:00,7.56,3.34,74.6,5.2,20.1,101.59,0,0,0.84079602,0.15920398
2020,9,20,01:00,7.16,3.28,76.4,5,20.1,101.616,0,0,0.84079602,0.15920398
2020,9,20,02:00,6.52,3.18,79.8,6,20.1,101.64,0,0,0.84079602,0.15920398
2020,9,20,03:00,5.62,3.26,84.8,7.2,20.1,101.686,0,0,0.84079602,0.15920398
2020,9,20,04:00,5.48,3.28,85.6,6.2,20.1,101.674,0,0,0.84079602,0.15920398
2020,9,20,05:00,5.36,3.66,88.8,5.8,20.1,101.742,0,0,0.84079602,0.15920398
2020,9,20,06:00,5.3,3.3,86.8,5.8,20.1,101.782,0,0,0.84079602,0.15920398
2020,9,20,07:00,6.72,3.64,81.2,6.6,20.1,101.85,0,0,0.84079602,0.15920398
2020,9,20,08:00,8.52,4.52,76.6,8.4,20.1,101.9,0,0,0.84079602,0.15920398
2020,9,20,09:00,10.52,4.4,65.8,9.8,20.1,101.944,0,0,0.84079602,0.15920398
2020,9,20,10:00,12.2,4.98,61.2,15.2,20.1,101.958,0,0,0.84079602,0.15920398
2020,9,20,11:00,13.06,4.82,57.6,17.6,20.1,101.95,0,0,0.84079602,0.15920398
2020,9,20,12:00,13.38,3.26,50.6,16.2,20.1,101.952,0,0,0.84079602,0.15920398
2020,9,20,13:00,13.32,2.64,48.6,18.6,20.1,101.952,0,0,0.84079602,0.15920398
2020,9,20,14:00,13.76,-0.56,37.6,17.2,20.1,101.948,0,0,0.84079602,0.15920398
2020,9,20,15:00,14.4,-1.9,32.8,18.6,20.1,101.966,0,0,0.84079602,0.15920398
2020,9,20,16:00,13.74,-1,36.4,19.2,20.1,101.976,0,0,0.84079602,0.15920398
2020,9,20,17:00,12.92,-0.9,38.6,19.8,20.1,102.03,0,0,0.84079602,0.15920398
2020,9,20,18:00,11.08,-1.58,41.6,14.8,20.1,102.11,0,0,0.84079602,0.15920398
2020,9,20,19:00,9.26,-0.22,53,12,20.1,102.186,0,0,0.84079602,0.15920398
2020,9,20,20:00,8.16,1.92,65.4,10,20.1,102.258,0,0,0.84079602,0.15920398
2020,9,20,21:00,7.28,2.36,71.6,9.2,20.1,102.312,0,0,0.84079602,0.15920398
2020,9,20,22:00,6.64,2.9,77.4,10.2,20.1,102.346,0,0,0.84079602,0.15920398
2020,9,20,23:00,6.4,3.36,81,5.6,20.1,102.378,0,0,0.84079602,0.15920398
2020,9,21,00:00,6.06,3.52,83.8,7.6,20.1,102.374,0,0,0.84079602,0.15920398
2020,9,21,01:00,5.82,3.94,88,8.2,20.1,102.384,0,0,0.84079602,0.15920398
2020,9,21,02:00,5.38,3.76,89.6,9,20.1,102.376,0,0,0.84079602,0.15920398
2020,9,21,03:00,5.18,3.54,89.8,9.4,20.1,102.4,0,0,0.84079602,0.15920398
2020,9,21,04:00,5.18,4.16,93.4,10,20.1,102.44,0,0,0.84079602,0.15920398
2020,9,21,05:00,4.74,3.96,94.8,6.6,20.1,102.466,0,0,0.84079602,0.15920398
2020,9,21,06:00,4.94,4.1,94.8,6.8,20.1,102.48,0,0,0.84079602,0.15920398
2020,9,21,07:00,4.96,4.3,95.8,6.2,20.1,102.532,0,0,0.84079602,0.15920398
2020,9,21,08:00,7.28,5.54,89,9.8,20.1,102.518,0,0,0.84079602,0.15920398
2020,9,21,09:00,9.86,4.92,71.4,11.6,20.1,102.5,1,0,0.95951417,0.04048583
2020,9,21,10:00,12.32,4.46,58.6,11.6,20.1,102.532,1,0,0.95951417,0.04048583
2020,9,21,11:00,13.34,2.48,47.6,15.6,20.1,102.46,1,0,0.95951417,0.04048583
2020,9,21,12:00,14.12,0.74,40.4,13.4,20.1,102.394,1,0,0.95951417,0.04048583
2020,9,21,13:00,15.04,2.22,42.4,10,20.1,102.36,1,0,0.95951417,0.04048583
2020,9,21,14:00,15.26,1.74,40,12.2,20.1,102.278,1,0,0.95951417,0.04048583
2020,9,21,15:00,15.22,3.1,44.4,12.2,20.1,102.218,1,0,0.95951417,0.04048583
2020,9,21,16:00,14.94,4.48,50,12.8,20.1,102.128,1,0,0.95951417,0.04048583
2020,9,21,17:00,13.52,5.1,57.2,8.4,20.1,102.09,1,0,0.95951417,0.04048583
2020,9,21,18:00,12.7,5.52,61.8,8.6,20.1,102.084,0,0,0.84079602,0.15920398
2020,9,21,19:00,11.6,6.74,72.2,5.8,20.1,102.09,0,0,0.84079602,0.15920398
2020,9,21,20:00,11.1,6.96,76,6,20.1,102.058,0,0,0.84079602,0.15920398
2020,9,21,21:00,10.12,6.3,77,8.8,20.1,101.984,0,0,0.84079602,0.15920398
2020,9,21,22:00,9.3,5.76,78.4,9.8,20.1,101.916,0,0,0.84079602,0.15920398
2020,9,21,23:00,8.4,4.78,78.2,9.6,20.1,101.866,0,0,0.84079602,0.15920398
2020,9,22,00:00,7.74,4.42,79.4,10.6,20.1,101.724,0,0,0.84079602,0.15920398
2020,9,22,01:00,7.46,4.48,81.8,9.6,20.1,101.678,0,0,0.84079602,0.15920398
2020,9,22,02:00,6.76,4.86,88.2,10.8,20.1,101.552,0,0,0.84079602,0.15920398
2020,9,22,03:00,6.58,4.26,86,12,20.1,101.44,0,0,0.84079602,0.15920398
2020,9,22,04:00,8.08,3.3,72,13.8,20.1,101.348,0,0,0.84079602,0.15920398
2020,9,22,05:00,6.88,3.96,83,11.8,20.1,101.192,0,0,0.84079602,0.15920398
2020,9,22,06:00,7.1,4.08,82,15.8,20.1,101.062,0,0,0.84079602,0.15920398
2020,9,22,07:00,7.64,4.54,81.2,18.2,20.1,100.928,0,0,0.84079602,0.15920398
2020,9,22,08:00,8.54,5.36,80.6,18.2,20.1,100.786,0,0,0.84079602,0.15920398
2020,9,22,09:00,9.4,6.56,82.4,20.8,20.1,100.692,1,0,0.144615385,0.855384615
2020,9,22,10:00,8.88,8.1,94.8,21.2,12.1,100.52,1,0,0.144615385,0.855384615
2020,9,22,11:00,9.02,8.46,96.4,22.6,6.4,100.272,1,0,0.144615385,0.855384615
2020,9,22,12:00,9.14,8.88,98.6,24.6,3.6,100.04,1,0,0.983870968,0.016129032
2020,9,22,13:00,9.08,8.96,99.2,28.6,3,99.786,1,0,0.983870968,0.016129032
2020,9,22,14:00,9.68,9.56,99.2,27.4,3,99.562,1,0,0.983870968,0.016129032
2020,9,22,15:00,10.1,9.98,99.4,25.2,6.4,99.302,1,0,0.983870968,0.016129032
2020,9,22,16:00,10.78,10.66,99.2,26.6,10.5,99.064,1,0,0.983870968,0.016129032
2020,9,22,17:00,11.22,11.1,99.2,25.6,2.6,98.906,1,0,0.983870968,0.016129032
2020,9,22,18:00,11.56,11.46,99.4,25,4.6,98.79,0,0,0.84079602,0.15920398
2020,9,22,19:00,12.14,11.98,99.2,22.2,8.05,98.636,0,0,0.84079602,0.15920398
2020,9,22,20:00,12.74,12.62,99.4,21,8.1,98.528,0,0,0.84079602,0.15920398
2020,9,22,21:00,13.3,13.22,99.6,22.4,7.25,98.378,0,0,0.84079602,0.15920398
2020,9,22,22:00,13.9,13.82,99.6,20.2,6.05,98.242,0,0,0.84079602,0.15920398
2020,9,22,23:00,14.82,14.78,99.6,20.8,3.4,98.084,0,0,0.84079602,0.15920398
2020,9,23,00:00,15.96,15.88,99.4,19.6,2.4,97.902,0,0,0.337078652,0.662921348
2020,9,23,01:00,16.34,16.24,99.4,20.6,6.45,97.76,0,0,0.337078652,0.662921348
2020,9,23,02:00,16.46,16.38,99.4,23.2,3.4,97.55,0,0,0.337078652,0.662921348
2020,9,23,03:00,16.5,16.44,99.6,24.2,3.6,97.364,0,0,0.337078652,0.662921348
2020,9,23,04:00,16.2,16.12,99.6,20.2,3.2,97.176,0,0,0.337078652,0.662921348
2020,9,23,05:00,16.1,16.04,99.6,24.8,2.4,97.004,0,0,0.337078652,0.662921348
2020,9,23,06:00,15.34,15.24,99.4,31.6,2.4,96.97,0,0,0.337078652,0.662921348
2020,9,23,07:00,13.66,13.54,99.2,34,3.6,97.088,0,0,0.84079602,0.15920398
2020,9,23,08:00,12.26,12.04,98.8,34.8,4.8,97.328,0,0,0.84079602,0.15920398
2020,9,23,09:00,12,11.42,96.6,38.4,12.9,97.586,1,0,0.983870968,0.016129032
2020,9,23,10:00,11.73333333,10.7,93.66666667,38.33333333,20.1,97.36,1,0,0.983870968,0.016129032
2020,9,23,11:00,11.86,10.6,92.2,31.8,20.1,98.036,1,0,0.983870968,0.016129032
2020,9,23,12:00,11.6,9.74,88.6,27.2,16.1,98.274,1,0,0.983870968,0.016129032
2020,9,23,13:00,11.8,9.92,88.8,26.8,16.1,98.398,1,0,0.983870968,0.016129032
2020,9,23,14:00,11.92,10.14,89.2,21.6,17.7,98.524,1,0,0.983870968,0.016129032
2020,9,23,15:00,12.46,10.2,86.2,23.8,20.1,98.62,1,0,0.983870968,0.016129032
2020,9,23,16:00,13,10.46,84.6,17.6,20.1,98.696,1,0,0.983870968,0.016129032
2020,9,23,17:00,13.74,11.4,85.8,10,20.1,98.776,1,0,0.983870968,0.016129032
2020,9,23,18:00,13.78,12.02,89.4,11.8,20.1,98.824,0,0,0.84079602,0.15920398
2020,9,23,19:00,14.2,11.7,85.4,16,20.1,98.872,0,0,0.84079602,0.15920398
2020,9,23,20:00,14.04,11.7,86.2,13.8,20.1,98.968,0,0,0.84079602,0.15920398
2020,9,23,21:00,14.12,11.62,85.2,13.4,20.1,99.044,0,0,0.84079602,0.15920398
2020,9,23,22:00,14.74,11.18,79.4,17.2,20.1,99.124,0,0,0.84079602,0.15920398
2020,9,23,23:00,14.36,11.26,81.8,13.4,20.1,99.198,0,0,0.84079602,0.15920398
2020,9,24,00:00,13.84,11.14,84.2,16,20.1,99.254,0,0,0.84079602,0.15920398
2020,9,24,01:00,14.1,11.2,83.2,15.4,20.1,99.308,0,0,0.84079602,0.15920398
2020,9,24,02:00,14.04,11.42,84.6,14.6,20.1,99.342,0,0,0.84079602,0.15920398
2020,9,24,03:00,13.5,11.54,88,10.8,20.1,99.398,0,0,0.84079602,0.15920398
2020,9,24,04:00,13.22,11.42,89,11.8,20.1,99.464,0,0,0.84079602,0.15920398
2020,9,24,05:00,13.24,11.36,88.6,13.4,20.1,99.514,0,0,0.84079602,0.15920398
2020,9,24,06:00,13.36,11.5,88.6,13,20.1,99.584,0,0,0.84079602,0.15920398
2020,9,24,07:00,13.64,11.6,87.8,13.8,20.1,99.672,0,0,0.84079602,0.15920398
2020,9,24,08:00,15.34,12.36,82.6,11.8,20.1,99.734,0,0,0.84079602,0.15920398
2020,9,24,09:00,17.14,12.96,76.6,10,20.1,99.81,1,0,0.983870968,0.016129032
2020,9,24,10:00,18.5,13.38,72.8,9.8,20.1,99.848,1,0,0.983870968,0.016129032
2020,9,24,11:00,20.36,12.36,60.2,16.2,20.1,99.85,1,0,0.983870968,0.016129032
2020,9,24,12:00,20.58,12.44,59.6,19,20.1,99.88,1,0,0.983870968,0.016129032
2020,9,24,13:00,20.82,12.82,60.2,20.2,20.1,99.86,1,0,0.983870968,0.016129032
2020,9,24,14:00,21.18,11.7,54.6,22.8,20.1,99.85,1,0,0.983870968,0.016129032
2020,9,24,15:00,21.54,13.12,60,21.4,20.1,99.866,1,0,0.983870968,0.016129032
2020,9,24,16:00,21.08,10.04,49,17.6,20.1,99.878,1,0,0.983870968,0.016129032
2020,9,24,17:00,19.7,10.48,56,12.8,20.1,99.986,1,0,0.983870968,0.016129032
2020,9,24,18:00,17.84,10.3,62.4,10.4,20.1,100.088,0,0,0.84079602,0.15920398
2020,9,24,19:00,16.34,10.08,66.6,11.2,20.1,100.176,0,0,0.84079602,0.15920398
2020,9,24,20:00,15.36,10.48,72.6,11.2,20.1,100.272,0,0,0.84079602,0.15920398
2020,9,24,21:00,14.84,11.24,79.2,14,20.1,100.324,0,0,0.84079602,0.15920398
2020,9,24,22:00,14.12,11.68,85.2,13.8,20.1,100.342,0,0,0.84079602,0.15920398
2020,9,24,23:00,13.48,12,91.2,12.6,20.1,100.332,0,0,0.84079602,0.15920398
2020,9,25,00:00,13.74,12.04,89.4,14.6,20.1,100.342,0,0,0.84079602,0.15920398
2020,9,25,01:00,13.06,11.72,91.8,8.8,20.1,100.42,0,0,0.84079602,0.15920398
2020,9,25,02:00,12.58,11.44,93,10.8,20.1,100.48,0,0,0.84079602,0.15920398
2020,9,25,03:00,11.98,11.06,94.2,8.2,20.1,100.556,0,0,0.84079602,0.15920398
2020,9,25,04:00,11.38,10.62,95.2,9.2,20.1,100.592,0,0,0.84079602,0.15920398
2020,9,25,05:00,10.94,10.2,95.2,11,20.1,100.654,0,0,0.84079602,0.15920398
2020,9,25,06:00,10.36,9.64,95.4,5.2,20.1,100.76,0,0,0.84079602,0.15920398
2020,9,25,07:00,10.82,9.48,91.8,6,20.1,100.85,0,0,0.84079602,0.15920398
2020,9,25,08:00,11.5,9.48,87.6,7.4,20.1,100.928,0,0,0.84079602,0.15920398
2020,9,25,09:00,13.14,9.2,77.2,5.4,20.1,100.964,1,0,0.95951417,0.04048583
2020,9,25,10:00,14.6,8.5,66.8,3.6,20.1,100.988,1,0,0.95951417,0.04048583
2020,9,25,11:00,16,8.06,59.4,8.2,20.1,100.982,1,0,0.95951417,0.04048583
2020,9,25,12:00,17.14,6.22,49.4,10.6,20.1,100.952,1,0,0.95951417,0.04048583
2020,9,25,13:00,17.6,5.9,48,14.2,20.1,100.926,1,0,0.95951417,0.04048583
2020,9,25,14:00,18.34,5.9,45,12.6,20.1,100.9,1,0,0.95951417,0.04048583
2020,9,25,15:00,18.74,6.94,46.4,12.4,20.1,100.9,1,0,0.95951417,0.04048583
2020,9,25,16:00,18.9,7.12,46.4,10,20.1,100.902,1,0,0.95951417,0.04048583
2020,9,25,17:00,17.84,7.76,51.6,13.2,20.1,100.94,1,0,0.95951417,0.04048583
2020,9,25,18:00,15.74,8.08,60.6,6.8,20.1,100.982,0,0,0.84079602,0.15920398
2020,9,25,19:00,13.96,7.7,66.4,6.8,20.1,101.036,0,0,0.84079602,0.15920398
2020,9,25,20:00,13.22,7.68,69.8,4.6,20.1,101.092,0,0,0.84079602,0.15920398
2020,9,25,21:00,12.22,7.64,74,6.6,20.1,101.16,0,0,0.84079602,0.15920398
2020,9,25,22:00,11.48,7.54,77.8,3.8,20.1,101.172,0,0,0.84079602,0.15920398
2020,9,25,23:00,11.54,6.2,72.2,3,20.1,101.18,0,0,0.84079602,0.15920398
2020,9,26,00:00,11.02,5.7,72.2,6,20.1,101.21,0,0,0.84079602,0.15920398
2020,9,26,01:00,11,4.64,68.6,2.8,20.1,101.216,0,0,0.84079602,0.15920398
2020,9,26,02:00,10.12,5.06,73.6,4.4,20.1,101.234,0,0,0.84079602,0.15920398
2020,9,26,03:00,9.98,4.86,74.4,2.2,20.1,101.234,0,0,0.84079602,0.15920398
2020,9,26,04:00,9.2,4.94,77.2,3,20.1,101.25,0,0,0.84079602,0.15920398
2020,9,26,05:00,9.54,4.76,75.4,6.6,20.1,101.264,0,0,0.84079602,0.15920398
2020,9,26,06:00,8.24,5.64,84.4,4.6,20.1,101.288,0,0,0.84079602,0.15920398
2020,9,26,07:00,10,6.34,80.2,6.2,20.1,101.346,0,0,0.84079602,0.15920398
2020,9,26,08:00,11.96,8.72,81.2,6.2,20.1,101.34,0,0,0.84079602,0.15920398
2020,9,26,09:00,13.3,10.76,84.8,7.6,20.1,101.358,0,0,0.84079602,0.15920398
2020,9,26,10:00,14.86,12.2,84.2,11,20.1,101.362,0,0,0.84079602,0.15920398
2020,9,26,11:00,16.46,13.3,82.2,16.4,20.1,101.314,0,0,0.84079602,0.15920398
2020,9,26,12:00,17.6,13.08,76.2,14.8,20.1,101.262,0,0,0.84079602,0.15920398
2020,9,26,13:00,18.36,11.62,66,15.8,20.1,101.226,0,0,0.84079602,0.15920398
2020,9,26,14:00,18.02,12.58,71.8,18.2,20.1,101.176,0,0,0.84079602,0.15920398
2020,9,26,15:00,17.94,13.14,74.8,17.2,20.1,101.164,0,0,0.84079602,0.15920398
2020,9,26,16:00,17.26,13.96,81.6,13.8,20.1,101.13,0,0,0.84079602,0.15920398
2020,9,26,17:00,15.76,14.12,90.4,13.8,20.1,101.14,0,0,0.84079602,0.15920398
2020,9,26,18:00,14.88,14.32,96.6,12.2,20.1,101.188,0,0,0.84079602,0.15920398
2020,9,26,19:00,14.62,14.38,98.4,12,15.3,101.204,0,0,0.84079602,0.15920398
2020,9,26,20:00,14.34,14.1,98.6,10,10.5,101.232,0,0,0.84079602,0.15920398
2020,9,26,21:00,13.98,13.76,98.8,10.8,11.25,101.204,0,0,0.84079602,0.15920398
2020,9,26,22:00,13.9,13.82,99.6,13,9.65,101.198,0,0,0.84079602,0.15920398
2020,9,26,23:00,14.38,14.34,99.8,9.6,8.85,101.176,0,0,0.84079602,0.15920398
2020,9,27,00:00,14.7,14.66,99.8,9.2,0.5,101.12,0,0,0.84079602,0.15920398
2020,9,27,01:00,14.88,14.84,99.8,9.4,6.05,101.092,0,0,0.84079602,0.15920398
2020,9,27,02:00,15.1,15.08,99.8,10.8,0.6,101.054,0,0,0.337078652,0.662921348
2020,9,27,03:00,14.94,14.92,99.8,8.8,0.5,101.018,0,0,0.84079602,0.15920398
2020,9,27,04:00,14.98,14.96,99.8,8.6,0.4,101.002,0,0,0.84079602,0.15920398
2020,9,27,05:00,15.06,15.02,99.8,7.8,0.6,101.042,0,0,0.84079602,0.15920398
2020,9,27,06:00,15.16,15.14,99.8,8.2,0.7,101,0,0,0.337078652,0.662921348
2020,9,27,07:00,15.34,15.32,99.8,8.6,0.4,101.056,0,0,0.337078652,0.662921348
2020,9,27,08:00,15.76,15.74,99.8,10.2,3.8,101.056,0,0,0.337078652,0.662921348
2020,9,27,09:00,16.34,16.3,99.8,12.4,12.9,101.048,0,0,0.337078652,0.662921348
2020,9,27,10:00,17.46,17.3,99.2,13.6,20.1,101.066,0,0,0.337078652,0.662921348
2020,9,27,11:00,17.8,17.3,97,12.6,20.1,101.034,0,0,0.337078652,0.662921348
2020,9,27,12:00,19.2,17.48,89.8,13.4,20.1,101.002,0,0,0.337078652,0.662921348
2020,9,27,13:00,20.12,16.72,81,16.4,20.1,100.974,0,0,0.337078652,0.662921348
2020,9,27,14:00,21.4,15.98,71.4,18.4,20.1,100.914,0,0,0.337078652,0.662921348
2020,9,27,15:00,20.6,17.26,82,22,20.1,100.916,0,0,0.337078652,0.662921348
2020,9,27,16:00,20.38,17.92,86,17.8,20.1,100.918,0,0,0.337078652,0.662921348
2020,9,27,17:00,19.36,18.24,93.4,17.2,20.1,100.922,0,0,0.337078652,0.662921348
2020,9,27,18:00,18.18,17.92,98.6,16.8,20.1,100.912,0,0,0.337078652,0.662921348
2020,9,27,19:00,17.86,17.74,99.4,19,20.1,100.94,0,0,0.337078652,0.662921348
2020,9,27,20:00,18.16,18.12,99.8,14.8,20.1,100.974,0,0,0.337078652,0.662921348
2020,9,27,21:00,17.9,17.88,99.8,17.4,7.25,100.968,0,0,0.337078652,0.662921348
2020,9,27,22:00,18.24,18.18,99.8,14.6,17.7,100.974,0,0,0.337078652,0.662921348
2020,9,27,23:00,17.98,17.94,99.8,16.6,2.8,101.004,0,0,0.337078652,0.662921348
2020,9,28,00:00,17.68,17.66,99.8,15.8,3.2,101.02,0,0,0.337078652,0.662921348
2020,9,28,01:00,17.6,17.58,99.8,16.6,1.8,101.028,0,0,0.337078652,0.662921348
2020,9,28,02:00,17.56,17.54,99.8,14.2,1.8,101.044,0,0,0.337078652,0.662921348
2020,9,28,03:00,17.56,17.54,99.8,11.8,0.5,101.06,0,0,0.337078652,0.662921348
2020,9,28,04:00,17.68,17.66,99.8,12.4,1.8,101.056,0,0,0.337078652,0.662921348
2020,9,28,05:00,17.6,17.58,99.8,12.4,0.6,101.084,0,0,0.337078652,0.662921348
2020,9,28,06:00,17.5,17.46,99.8,13.4,0.4,101.078,0,0,0.337078652,0.662921348
2020,9,28,07:00,17.7,17.68,99.8,14.6,0.4,101.11,0,0,0.337078652,0.662921348
2020,9,28,08:00,17.76,17.72,99.8,12.4,0.2,101.154,0,0,0.337078652,0.662921348
2020,9,28,09:00,18.32,18.3,99.8,13.8,0.2,101.18,1,0,0.95951417,0.04048583
2020,9,28,10:00,19.1,19.06,99.8,16,5.2,101.194,1,0,0.95951417,0.04048583
2020,9,28,11:00,19.72,19.58,99,16.2,17.7,101.192,1,0,0.95951417,0.04048583
2020,9,28,12:00,20.6,20.14,97.4,16.2,17.7,101.176,1,0,0.95951417,0.04048583
2020,9,28,13:00,20.96,20.34,96.4,16.4,17.7,101.138,1,0,0.95951417,0.04048583
2020,9,28,14:00,21.52,20.34,93,19.2,20.1,101.106,1,0,0.95951417,0.04048583
2020,9,28,15:00,21.46,20.42,94,15.6,20.1,101.138,1,0,0.95951417,0.04048583
2020,9,28,16:00,20.72,20.1,96.2,17.8,17.7,101.142,1,0,0.95951417,0.04048583
2020,9,28,17:00,19.98,19.56,97.6,15.4,17.7,101.156,1,0,0.95951417,0.04048583
2020,9,28,18:00,19.38,19.24,99.2,16.2,15.3,101.176,0,0,0.337078652,0.662921348
2020,9,28,19:00,19.36,19.14,98.8,16.2,16.1,101.174,0,0,0.337078652,0.662921348
2020,9,28,20:00,19.26,19.06,98.8,16.8,16.1,101.176,0,0,0.337078652,0.662921348
2020,9,28,21:00,19.2,19.04,99.2,16.6,13.7,101.15,0,0,0.337078652,0.662921348
2020,9,28,22:00,19.36,19.14,98.8,18.2,16.1,101.14,0,0,0.337078652,0.662921348
2020,9,28,23:00,19.48,19.26,98.8,16.8,10.45,101.11,0,0,0.337078652,0.662921348
2020,9,29,00:00,19.58,19.4,99,16,10.45,101.106,0,0,0.337078652,0.662921348
2020,9,29,01:00,19.48,19.38,99.4,16,9.65,101.114,0,0,0.337078652,0.662921348
2020,9,29,02:00,19.44,19.32,99.4,18.2,4.4,101.088,0,0,0.337078652,0.662921348
2020,9,29,03:00,19.5,19.4,99.4,22,3.6,101.056,0,0,0.337078652,0.662921348
2020,9,29,04:00,19.74,19.62,99.2,18.2,6.85,101.052,0,0,0.337078652,0.662921348
2020,9,29,05:00,19.86,19.74,99.2,17.8,9.65,101.05,0,0,0.337078652,0.662921348
2020,9,29,06:00,19.4,19.32,99.4,17,5.65,101.05,0,0,0.337078652,0.662921348
2020,9,29,07:00,19.54,19.44,99.4,15.6,12.1,101.076,0,0,0.337078652,0.662921348
2020,9,29,08:00,19.72,19.52,99,16.2,20.1,101.088,0,0,0.337078652,0.662921348
2020,9,29,09:00,20.02,19.76,98.6,13.8,12.1,101.08,1,0,0.95951417,0.04048583
2020,9,29,10:00,21,20.34,96,16.6,17.7,101.102,1,0,0.95951417,0.04048583
2020,9,29,11:00,22.38,20.92,91.6,16.6,20.1,101.068,1,0,0.95951417,0.04048583
2020,9,29,12:00,23.38,20.64,84.6,21.2,20.1,101.028,1,0,0.95951417,0.04048583
2020,9,29,13:00,23.32,20.74,85.6,19.4,20.1,100.988,1,0,0.95951417,0.04048583
2020,9,29,14:00,23.6,20.76,84.6,20.2,20.1,100.924,1,0,0.95951417,0.04048583
2020,9,29,15:00,23.44,20.78,85.2,14.6,20.1,100.898,1,0,0.95951417,0.04048583
2020,9,29,16:00,21.1,19.54,90.8,17.4,20.1,100.89,1,0,0.95951417,0.04048583
2020,9,29,17:00,20.52,20.02,96.8,14,20.1,100.872,1,0,0.95951417,0.04048583
2020,9,29,18:00,19.84,19.64,98.8,12.8,17.7,100.85,0,0,0.337078652,0.662921348
2020,9,29,19:00,19.22,19.14,99.6,12,1.4,100.854,0,0,0.337078652,0.662921348
2020,9,29,20:00,19.04,19,99.8,10.4,0.8,100.858,0,0,0.337078652,0.662921348
2020,9,29,21:00,18.94,18.9,99.8,12.6,0.6,100.854,0,0,0.337078652,0.662921348
2020,9,29,22:00,18.28,18.26,99.8,12.2,0.4,100.818,0,0,0.337078652,0.662921348
2020,9,29,23:00,17.94,17.88,99.8,8.6,0.4,100.774,0,0,0.337078652,0.662921348
2020,9,30,00:00,18.24,18.2,99.8,12.8,0.4,100.768,0,0,0.337078652,0.662921348
2020,9,30,01:00,18.72,18.7,99.8,10.2,0.5,100.708,1,0,0.144615385,0.855384615
2020,9,30,02:00,18.34,18.3,99.8,10.2,0.4,100.636,1,0,0.144615385,0.855384615
2020,9,30,03:00,18.64,18.62,99.8,8.2,0.4,100.582,1,0,0.144615385,0.855384615
2020,9,30,04:00,18.04,18,99.8,9.8,0.4,100.538,0,0,0.337078652,0.662921348
2020,9,30,05:00,17.64,17.62,99.8,12.4,0.4,100.46,0,0,0.337078652,0.662921348
2020,9,30,06:00,17.48,17.46,99.8,13.4,0.4,100.398,0,0,0.337078652,0.662921348
2020,9,30,07:00,17.96,17.94,99.8,17.8,0.2,100.354,0,0,0.337078652,0.662921348
2020,9,30,08:00,18.8,18.76,99.8,22,1.4,100.322,0,0,0.337078652,0.662921348
2020,9,30,09:00,19.42,19.4,99.8,22,0.4,100.278,0,0,0.337078652,0.662921348
2020,9,30,10:00,19.62,19.6,99.8,22.6,0.3,100.214,0,0,0.337078652,0.662921348
2020,9,30,11:00,19.82,19.8,99.8,23.6,0.5,100.142,0,0,0.337078652,0.662921348
2020,9,30,12:00,20.26,20.2,99.8,24,0.5,100.026,0,0,0.337078652,0.662921348
2020,9,30,13:00,20.72,20.7,99.8,23.4,1.6,99.944,0,0,0.337078652,0.662921348
2020,9,30,14:00,20.62,20.6,99.8,24.4,1.6,99.844,0,0,0.337078652,0.662921348
2020,9,30,15:00,21.16,21.14,99.8,27.4,14.5,99.736,0,0,0.337078652,0.662921348
2020,9,30,16:00,21.08,21.06,99.8,31.2,7.25,99.664,0,0,0.337078652,0.662921348
2020,9,30,17:00,20.98,20.92,99.8,37.8,2,99.648,0,0,0.337078652,0.662921348
2020,9,30,18:00,20.64,20.6,99.8,36,3.2,99.594,1,0,0.983870968,0.016129032
2020,9,30,19:00,19.42,19.3,99.4,31.2,14.5,99.694,1,0,0.983870968,0.016129032
2020,9,30,20:00,18.74,18.5,98.6,29.6,16.1,99.778,1,0,0.983870968,0.016129032
2020,9,30,21:00,17.84,17.58,98.4,19.2,16.1,99.9,1,0,0.983870968,0.016129032
2020,9,30,22:00,16.94,16.74,99,15.4,17.7,99.954,1,0,0.983870968,0.016129032
2020,9,30,23:00,16.38,16.26,99.2,15.4,20.1,100.038,1,0,0.983870968,0.016129032
2020,10,1,00:00,15.82,15.7,99.2,14.8,20.1,100.074,0,0,0.337078652,0.662921348
2020,10,1,01:00,15.42,15.3,99.4,11.6,20.1,100.106,0,0,0.337078652,0.662921348
2020,10,1,02:00,15.06,14.94,99.2,13.8,20.1,100.144,0,0,0.84079602,0.15920398
2020,10,1,03:00,14.32,14.22,99.4,12.2,20.1,100.14,0,0,0.84079602,0.15920398
2020,10,1,04:00,13.92,13.8,99.4,11,20.1,100.2,0,0,0.84079602,0.15920398
2020,10,1,05:00,13.62,13.54,99.4,9.4,15.3,100.258,0,0,0.84079602,0.15920398
2020,10,1,06:00,13.02,12.94,99.6,9.8,17.7,100.322,0,0,0.84079602,0.15920398
2020,10,1,07:00,13.26,13.16,99.4,7.4,20.1,100.378,0,0,0.84079602,0.15920398
2020,10,1,08:00,15.18,14.4,95.2,13.4,20.1,100.42,0,0,0.84079602,0.15920398
2020,10,1,09:00,16.72,14.42,86.4,11.6,20.1,100.456,1,0,0.144615385,0.855384615
2020,10,1,10:00,17.86,13.7,76.8,14,20.1,100.484,1,0,0.144615385,0.855384615
2020,10,1,11:00,19.16,12.54,65.4,13.8,20.1,100.472,1,0,0.144615385,0.855384615
2020,10,1,12:00,20.1,12,59.2,14,20.1,100.478,1,0,0.144615385,0.855384615
2020,10,1,13:00,19.86,11.1,57,16.4,20.1,100.466,1,0,0.144615385,0.855384615
2020,10,1,14:00,19.7,11.32,58.2,13.8,20.1,100.476,1,0,0.144615385,0.855384615
2020,10,1,15:00,19.82,12.06,61,15.2,20.1,100.482,1,0,0.144615385,0.855384615
2020,10,1,16:00,18.7,13.22,70.8,15,20.1,100.508,1,0,0.144615385,0.855384615
2020,10,1,17:00,17.2,14.4,84.2,12.6,20.1,100.546,1,0,0.144615385,0.855384615
2020,10,1,18:00,15.38,14.76,96,8.8,20.1,100.616,0,0,0.84079602,0.15920398
2020,10,1,19:00,14.58,14.44,99.2,10.8,20.1,100.636,0,0,0.84079602,0.15920398
2020,10,1,20:00,14.5,14.36,99.2,8.8,5.65,100.672,0,0,0.84079602,0.15920398
2020,10,1,21:00,14.22,14.08,99.2,6.4,8.05,100.68,0,0,0.84079602,0.15920398
2020,10,1,22:00,14.24,13.96,98.2,6.4,20.1,100.714,0,0,0.84079602,0.15920398
2020,10,1,23:00,13.9,13.7,98.8,4.4,20.1,100.746,0,0,0.84079602,0.15920398
2020,10,2,00:00,13.6,13.5,99.4,5.8,20.1,100.736,0,0,0.84079602,0.15920398
2020,10,2,01:00,13.52,13.48,99.6,5.8,20.1,100.762,0,0,0.84079602,0.15920398
2020,10,2,02:00,13.6,13.54,99.6,7.2,0.6,100.75,0,0,0.84079602,0.15920398
2020,10,2,03:00,14.1,14,99.4,5.8,0.6,100.736,0,0,0.84079602,0.15920398
2020,10,2,04:00,14.18,14.1,99.4,5.2,9.7,100.732,0,0,0.84079602,0.15920398
2020,10,2,05:00,14.52,14.46,99.6,3.2,11.3,100.744,0,0,0.84079602,0.15920398
2020,10,2,06:00,14.46,14.4,99.6,4.8,6.4,100.746,0,0,0.84079602,0.15920398
2020,10,2,07:00,14.48,14.44,99.8,9.2,1.7,100.764,0,0,0.84079602,0.15920398
2020,10,2,08:00,15,14.86,99.2,8.4,0.2,100.77,0,0,0.84079602,0.15920398
2020,10,2,09:00,15.52,15.06,97.2,9.8,0.5,100.786,1,0,0.95951417,0.04048583
2020,10,2,10:00,16.26,15.24,94,13.2,17.7,100.768,1,0,0.95951417,0.04048583
2020,10,2,11:00,16.62,15,90.2,12,20.1,100.744,1,0,0.95951417,0.04048583
2020,10,2,12:00,16.7,14.4,86.6,12.4,20.1,100.692,1,0,0.144615385,0.855384615
2020,10,2,13:00,16.54,14.28,87,10.6,20.1,100.63,1,0,0.144615385,0.855384615
2020,10,2,14:00,16.24,13.42,84.2,9.4,20.1,100.526,1,0,0.144615385,0.855384615
2020,10,2,15:00,15.94,13.78,87.4,8.4,20.1,100.486,1,0,0.144615385,0.855384615
2020,10,2,16:00,15.28,13.7,90.6,8.4,20.1,100.44,1,0,0.144615385,0.855384615
2020,10,2,17:00,14.66,13.7,94,9.6,20.1,100.386,1,0,0.144615385,0.855384615
2020,10,2,18:00,14.06,13.64,97.4,11.2,20.1,100.336,0,0,0.84079602,0.15920398
2020,10,2,19:00,13.92,13.78,99,7.4,17.7,100.292,0,0,0.84079602,0.15920398
2020,10,2,20:00,14.22,14,98.6,6.6,17.7,100.28,0,0,0.84079602,0.15920398
2020,10,2,21:00,14.4,14.26,99.2,6,17.7,100.274,0,0,0.84079602,0.15920398
2020,10,2,22:00,14.4,14.3,99.4,4.8,16.1,100.258,0,0,0.84079602,0.15920398
2020,10,2,23:00,14.28,14.22,99.6,6.8,12.1,100.192,0,0,0.84079602,0.15920398
